{
    "drop_rate": 0.11673741404394233, 
    "max_drop": 11, 
    "skip_drop": 0.3102011564262341, 
    "num_leaves": 71, 
    "learning_rate": 0.007736388294143043, 
    "feature_fraction": 0.5272037649325723, 
    "lambda_l1": 5.75905872715863e-07, 
    "min_data_in_leaf": 46, 
    "num_rounds": 637
}
