{
    "drop_rate": 0.16468691970659802,
    "max_drop": 14,
    "skip_drop": 0.4957784671613605,
    "num_leaves": 128,
    "learning_rate": 0.04570838590635914,
    "min_data_in_leaf": 107,
    "lambda_l1": 0.002242610017580971,
    "lambda_l2": 0.07749535136494352,
    "feature_fraction": 0.625520209447322,
    "bagging_freq": 2,
    "bagging_fraction": 0.9499601908526615,
    "max_bin": 160,
    "min_sum_hessian_in_leaf": 0.0713910965618861,
    "num_rounds": 1892,
    "num_threads": 12,
    "objective": "regression_l1",
    "metric": "mae",
    "verbosity": -1,
    "boosting_type": "dart",
    "seed": 42,
    "force_row_wise": true,
    "deterministic": true
}