{
    "drop_rate": 0.1220156743168587,
    "max_drop": 44,
    "skip_drop": 0.6651184446991133,
    "num_leaves": 245,
    "learning_rate": 0.01019643880996614,
    "min_data_in_leaf": 25,
    "lambda_l1": 0.0016357993744307423,
    "lambda_l2": 0.0778110203712955,
    "feature_fraction": 0.6061467014313999,
    "bagging_freq": 6,
    "bagging_fraction": 0.9499612669192029,
    "max_bin": 163,
    "min_sum_hessian_in_leaf": 0.059469879695326085,
    "num_rounds": 1192,
    "num_threads": 12,
    "objective": "regression_l1",
    "metric": "mae",
    "verbosity": -1,
    "boosting_type": "dart",
    "seed": 42,
    "force_row_wise": true,
    "deterministic": true
}