{
    "drop_rate": 0.054014151299434245,
    "max_drop": 16,
    "skip_drop": 0.5119164354192487,
    "num_leaves": 92,
    "learning_rate": 0.010280404487443169,
    "min_data_in_leaf": 132,
    "lambda_l1": 0.00026960306696743674,
    "lambda_l2": 0.009967757813348804,
    "feature_fraction": 0.9842722986647885,
    "bagging_freq": 6,
    "bagging_fraction": 0.8360072712596764,
    "max_bin": 221,
    "min_sum_hessian_in_leaf": 0.0776868076183746,
    "num_rounds": 1994,
    "device": "gpu",
    "gpu_platform_id": 0,
    "gpu_device_id": 0,
    "gpu_use_dp": true,
    "objective": "regression_l1",
    "metric": "mae",
    "verbosity": -1,
    "boosting_type": "dart",
    "seed": 42,
    "force_row_wise": true,
    "deterministic": true
}