{
    "drop_rate": 0.1247992506948172,
    "skip_drop": 0.3479170432458853,
    "num_leaves": 15,
    "learning_rate": 0.4224980596413213,
    "min_data_in_leaf": 34,
    "lambda_l1": 0.002466796461061596,
    "lambda_l2": 1.0240388099873482e-07,
    "objective": "regression_l1",
    "metric": "mae",
    "verbosity": -1,
    "boosting_type": "dart",
    "num_rounds": 1000,
    "feature_fraction": 1.0,
    "bagging_freq": 0,
    "bagging_fraction": 1.0,
    "force_row_wise": true,
    "deterministic": true,
    "seed": 42,
    "num_threads": 7
}