{
    "2024-11": 0.5183763488560571,
    "2024-12": 0.4816236511439428
}