{
    "2025-02": 0.3034923424266025,
    "2025-03": 0.1693597768077129,
    "2025-04": 0.17890115288618505,
    "2025-05": 0.3482467278794996
}