{
    "drop_rate": 0.05624690263751275,
    "skip_drop": 0.4344523195016735,
    "num_leaves": 31,
    "learning_rate": 0.21039366499605391,
    "min_data_in_leaf": 48,
    "lambda_l1": 0.4362422247292602,
    "lambda_l2": 2.0958760687380775e-08,
    "objective": "regression_l1",
    "metric": "mae",
    "verbosity": -1,
    "boosting_type": "dart",
    "num_rounds": 1000,
    "feature_fraction": 1.0,
    "bagging_freq": 0,
    "bagging_fraction": 1.0,
    "force_row_wise": true,
    "deterministic": true,
    "seed": 42,
    "num_threads": 7
}