{
    "NVDA": 0.5766304394493293,
    "MSFT": 0.6103155214500369,
    "AAPL": 0.07205973389714554,
    "GOOG": 0.9575106968298676,
    "AMZN": 0.03002723475330471,
    "META": 0.3689082186884556,
    "AVGO": 0.20468754211875342,
    "TSLA": 0.9540475785700251,
    "JPM": 0.6781397989432594,
    "WMT": 0.4655079907867661,
    "ORCL": 0.9726827193778476,
    "V": 0.04189573148894826,
    "LLY": 0.06651051025001098,
    "NFLX": 0.9612403007207891,
    "MA": 0.7657312466225865,
    "XOM": 0.7770068175017163,
    "COST": 0.18892842944654598,
    "JNJ": 0.7760138872993646,
    "PLTR": 0.35184252794713045,
    "HD": 0.44109012671772396,
    "ABBV": 0.5745187545162413,
    "PG": 0.60980834061289,
    "BAC": 0.7060202241486858,
    "CVX": 0.848173810908756,
    "KO": 0.2712826756587735,
    "AMD": 0.4763535236471757,
    "TMUS": 0.31318456181943666,
    "GE": 0.798873605052075,
    "UNH": 0.1565711258354605,
    "CSCO": 0.776532025002242,
    "PM": 0.8771298241084983,
    "WFC": 0.14984685000754897,
    "CRM": 0.47781443220273623,
    "MS": 0.6025252268528807,
    "ABT": 0.8813374073930023,
    "IBM": 0.10344257897316882,
    "GS": 0.06992930629636328,
    "MCD": 0.60437891788699,
    "AXP": 0.09295861255356538,
    "BX": 0.5279488927975969,
    "MRK": 0.8087931664848125,
    "DIS": 0.328325070171723,
    "T": 0.12978132818345683,
    "RTX": 0.6553444777961135,
    "PEP": 0.5869364300437347,
    "INTU": 0.39129848138587664,
    "UBER": 0.9168190768204247,
    "CAT": 0.629769932794992,
    "VZ": 0.7147444302054016,
    "TMO": 0.7277070668516691,
    "NOW": 0.36206216709362465,
    "BA": 0.26624915706933266,
    "TXN": 0.6684407290249196,
    "BKNG": 0.5371032349342105,
    "BLK": 0.2367570992654217,
    "SCHW": 0.8310960245767021,
    "ANET": 0.4586565051773682,
    "C": 0.3702380189872918,
    "ISRG": 0.03660584186327876,
    "QCOM": 0.4288259070735648,
    "SPGI": 0.11911347368285374,
    "GEV": 0.1264657654858261,
    "AMGN": 0.159388530614752,
    "NEE": 0.7603141055009702,
    "BSX": 0.8810956702791184,
    "DHR": 0.5535619517715251,
    "ADBE": 0.9580531540442201,
    "APP": 0.3389508816773103,
    "TJX": 0.09797729442941144,
    "GILD": 0.8668573931840968,
    "SYK": 0.14100598708491743,
    "PGR": 0.8641654239041262,
    "PFE": 0.10961554672139512,
    "LOW": 0.8757811961827108,
    "COF": 0.2187613148496742,
    "HON": 0.915421464788001,
    "MU": 0.7987743195427206,
    "APH": 0.7816606713157783,
    "DE": 0.5082518007584838,
    "KKR": 0.6305159309835331,
    "UNP": 0.6004031984106905,
    "AMAT": 0.854441042950297,
    "LRCX": 0.6978425106566228,
    "CMCSA": 0.9949934876419716,
    "ADP": 0.7590604951069622,
    "COP": 0.3404242142919529,
    "PANW": 0.6006231961586943,
    "KLAC": 0.8757474367799236,
    "ADI": 0.30684819533260643,
    "SNPS": 0.2679295389524114,
    "NKE": 0.8922267553834284,
    "MO": 0.5621208066248152,
    "WELL": 0.33595272865121306,
    "IBKR": 0.5927709364149149,
    "INTC": 0.5310371324577101,
    "CRWD": 0.9607334082068042,
    "DASH": 0.402068457177726,
    "MSTR": 0.40185153888448727,
    "ICE": 0.5484839300995203,
    "SO": 0.016964666521166183,
    "SBUX": 0.882108004217185,
    "LMT": 0.9050838099781318,
    "MMC": 0.7423949960255836,
    "HOOD": 0.75759573372738,
    "VRTX": 0.32066873088323705,
    "CEG": 0.991295602831508,
    "PLD": 0.6092339196399501,
    "CME": 0.40602686364147206,
    "BMY": 0.7208683731527841,
    "AMT": 0.5809138856942545,
    "CDNS": 0.9341706017999168,
    "DUK": 0.7171559819103126,
    "DELL": 0.4631200933587956,
    "PH": 0.31940466492614145,
    "MCO": 0.8968024532112646,
    "HCA": 0.6716842330289199,
    "WM": 0.3492914189395978,
    "SHW": 0.4259564397541711,
    "CTAS": 0.17540031984079874,
    "CVS": 0.5142340270558361,
    "ORLY": 0.9212366396203224,
    "RCL": 0.18511972961965223,
    "GD": 0.23997396648654878,
    "MCK": 0.5368725228829623,
    "NOC": 0.7436194935710092,
    "COIN": 0.8116460135766911,
    "RBLX": 0.6905006571431564,
    "MMM": 0.4624680728717085,
    "MDLZ": 0.21920335266999186,
    "APO": 0.21624058914365657,
    "ECL": 0.12972489456627945,
    "CI": 0.814469082815271,
    "TDG": 0.6502217424599643,
    "SCCO": 0.9511605599945805,
    "MSI": 0.9021610310748104,
    "ABNB": 0.6339534007458354,
    "EQIX": 0.7490758162706662,
    "NEM": 0.8646105773547672,
    "ITW": 0.4987123436257075,
    "PNC": 0.08462095011575577,
    "AJG": 0.3578175188690244,
    "UPS": 0.3337121093421575,
    "FI": 0.7144069331037767,
    "EMR": 0.8797435051606146,
    "RSG": 0.16350054684481963,
    "MAR": 0.8353460351308256,
    "USB": 0.628857165865543,
    "BK": 0.0835014426558931,
    "WMB": 0.27123845578576883,
    "NET": 0.5029344599401835,
    "ELV": 0.04366876714414669,
    "HWM": 0.9376935392896741,
    "CL": 0.5695064673838253,
    "ZTS": 0.6036585120568854,
    "EPD": 0.6764907301894134,
    "CSX": 0.6280057466221247,
    "AZO": 0.7325103984666961,
    "VST": 0.22309000857263306,
    "SNOW": 0.3546796836544743,
    "PYPL": 0.10956006935317683,
    "MRVL": 0.7135904934176335,
    "SPG": 0.6736246818744378,
    "EOG": 0.9102595835181267,
    "APD": 0.551053295443104,
    "MNST": 0.37637704647770165,
    "NSC": 0.0932354781056578,
    "HLT": 0.35751607427594406,
    "REGN": 0.6022214484357366,
    "ARES": 0.24721926098805175,
    "ADSK": 0.7448275455876181,
    "FCX": 0.9429409498928885,
    "FTNT": 0.33103149758399186,
    "WDAY": 0.6171813770627143,
    "AEP": 0.9091211615597381,
    "TRV": 0.3398173373900157,
    "KMI": 0.5865192600601918,
    "AXON": 0.6253147577561391,
    "ET": 0.9295363953918651,
    "CMG": 0.15768329017681618,
    "ALNY": 0.8556298382815326,
    "URI": 0.35513025716206925,
    "DLR": 0.22644349049062346,
    "TFC": 0.4265110327060976,
    "ROP": 0.6381265360732604,
    "COR": 0.8640868780575046,
    "PWR": 0.4820819001682629,
    "AFL": 0.7104623209907983,
    "BDX": 0.03795763037928407,
    "FAST": 0.29510356305655305,
    "GLW": 0.040997470937438885,
    "CARR": 0.20514244131936105,
    "CMI": 0.30126325358602424,
    "ALL": 0.026642173655242102,
    "NDAQ": 0.28681643325211803,
    "GM": 0.09962413990183555,
    "FDX": 0.62341997784704,
    "O": 0.7781662525495658,
    "SRE": 0.5558447740365547,
    "D": 0.33520880197388636
}