{
    "2020-03": 0.011957352779850534,
    "2020-04": 0.01124722548074441,
    "2020-05": 0.022301759023172652,
    "2020-06": 0.011599641780021928,
    "2020-07": 0.02478130245608945,
    "2020-08": 0.005196763908489926,
    "2020-09": 0.0022084036867543433,
    "2020-10": 0.009088388412728883,
    "2020-11": 0.00028261926259273,
    "2020-12": 0.02551815358068592,
    "2021-01": 0.0028143744667803137,
    "2021-02": 0.030066857415937426,
    "2021-03": 0.02165808959358797,
    "2021-04": 0.00701724138901584,
    "2021-05": 0.0018504552451638022,
    "2021-06": 0.024679635953687624,
    "2021-07": 0.021890218930885535,
    "2021-08": 0.031940091099295645,
    "2021-09": 0.023209853511486796,
    "2021-10": 0.00919935361428083,
    "2021-11": 0.006794340839051411,
    "2021-12": 0.001456946736826683,
    "2022-01": 0.035990726984820344,
    "2022-02": 0.02310108965797364,
    "2022-03": 0.011999116194531647,
    "2022-04": 0.013969540226686,
    "2022-05": 0.0060009397566469615,
    "2022-06": 0.007956123947497342,
    "2022-07": 0.013172057184115803,
    "2022-08": 0.01809462156120658,
    "2022-09": 0.02799253561323946,
    "2022-10": 0.024206049861006954,
    "2022-11": 0.007441649927353754,
    "2022-12": 0.031312716230108666,
    "2023-01": 0.031785965687645426,
    "2023-02": 0.03510722731001189,
    "2023-03": 0.030480008452073677,
    "2023-04": 0.01849066895344774,
    "2023-05": 0.02037460085122735,
    "2023-06": 0.020061075676713752,
    "2023-07": 0.00583538928476027,
    "2023-08": 0.006210077945611495,
    "2023-09": 0.019081570737147453,
    "2023-10": 0.022449603450756958,
    "2023-11": 0.02547711497159123,
    "2023-12": 0.012009750752140806,
    "2024-01": 0.016096535717292967,
    "2024-02": 0.016469744228497674,
    "2024-03": 0.013046098593534828,
    "2024-04": 0.034196387822320394,
    "2024-05": 0.014003388426579489,
    "2024-06": 0.0036674804520876714,
    "2024-07": 0.016046932886673748,
    "2024-08": 0.001995247101526133,
    "2024-09": 0.022346702740813726,
    "2024-10": 0.028702546025882274,
    "2024-11": 0.026083433344593985,
    "2024-12": 0.031986212274750986
}