{
    "2020-02": 0.0045979764902058145,
    "2020-03": 0.006442225193782819,
    "2020-04": 0.010801183564287593,
    "2020-05": 0.028078650782641136,
    "2020-06": 0.028913067679095808,
    "2020-07": 0.028213607061038194,
    "2020-08": 0.0272125452724909,
    "2020-09": 0.025004095946402773,
    "2020-10": 0.020733045751559827,
    "2020-11": 0.03020681900192438,
    "2020-12": 0.007750389894546747,
    "2021-01": 0.017971010730650248,
    "2021-02": 0.0018400071605792526,
    "2021-03": 0.025728616719511547,
    "2021-04": 0.028128802808244896,
    "2021-05": 0.025923234120437816,
    "2021-06": 0.023657069096052023,
    "2021-07": 0.012035191440664176,
    "2021-08": 0.017327480122726117,
    "2021-09": 0.0029581760182352517,
    "2021-10": 0.025820691568406884,
    "2021-11": 0.021009362235779004,
    "2021-12": 0.006331251716273561,
    "2022-01": 0.0006709380085482307,
    "2022-02": 0.021032188889659176,
    "2022-03": 0.028097421970474025,
    "2022-04": 0.01767808411554362,
    "2022-05": 0.018844073197403825,
    "2022-06": 0.027063335489512865,
    "2022-07": 0.01138935823347222,
    "2022-08": 0.02039619179056911,
    "2022-09": 0.021269556537985825,
    "2022-10": 0.029727015896559898,
    "2022-11": 0.012272131528324296,
    "2022-12": 0.0045732366711821355,
    "2023-01": 0.011213848945682127,
    "2023-02": 0.011366969055975886,
    "2023-03": 0.008417380723646735,
    "2023-04": 0.015120735642701257,
    "2023-05": 0.004355128052189501,
    "2023-06": 0.0025190728548626193,
    "2023-07": 0.008248286953802267,
    "2023-08": 0.02093889312477585,
    "2023-09": 0.017063976517712194,
    "2023-10": 0.026446198739773646,
    "2023-11": 0.01427062659961327,
    "2023-12": 0.028818082717180168,
    "2024-01": 0.013572259818769104,
    "2024-02": 0.006833451290922638,
    "2024-03": 0.028790103659548552,
    "2024-04": 0.03031630190313426,
    "2024-05": 0.026044995217620954,
    "2024-06": 0.005172830341192486,
    "2024-07": 0.0032263726843963017,
    "2024-08": 0.003923061233089386,
    "2024-09": 0.028225719054228035,
    "2024-10": 0.023113690034058103,
    "2024-11": 0.022303982130352982
}